plus_strand,minus_strand,krispmer_score,genome_score,strand_type
CTATATGGATTAAATGAACAAGG,CCTTGTTCATTTAATCCATATAG,0.9112101671888236,1.0,+
CCATTACGAGGTAAGATATTAAA,TTTAATATCTTACCTCGTAATGG,0.911210833787329,1.0,-
AAATGAACAAGGTATGACACCGG,CCGGTGTCATACCTTGTTCATTT,1.0000712218816625,1.0,+
GTACATCGTCGTATACTATATGG,CCATATAGTATACGACGATGTAC,1.0000712285382107,1.0,+
CCAGTACATCGTCGTATACTATA,TATAGTATACGACGATGTACTGG,1.0000713043084615,1.0,-
GGTGGCGGATACAAAGTATCTGG,CCAGATACTTTGTATCCGCCACC,1.0000713063829867,1.0,+
CCGTAGACAATTTATAGAAGATA,TATCTTCTATAAATTGTCTACGG,1.0000714645803142,1.0,-
CAATTTGACTTAAAAGAAGTTGG,CCAACTTCTTTTAAGTCAAATTG,1.0001457986937687,1.0,+
CTCATCTATTTATGAAGCAATGG,CCATTGCTTCATAAATAGATGAG,1.0001458671556518,1.0,+
GGCGGATACAAAGTATCTGGTGG,CCACCAGATACTTTGTATCCGCC,1.0001459052968575,1.0,+
CCTCAATTTGACTTAAAAGAAGT,ACTTCTTTTAAGTCAAATTGAGG,1.0001459967676103,1.0,-
GTTGGCACAACTGATAAGACAGG,CCTGTCTTATCAGTTGTGCCAAC,1.000146030515132,1.0,+
TCTGGTGGTTTACATGGTGTTGG,CCAACACCATGTAAACCACCAGA,1.000146057731124,1.0,+
CCTTCCAGGTAAATTAGCCGATT,AATCGGCTAATTTACCTGGAAGG,1.0001461201664055,1.0,-
GGTGGTAAATTTGGCGGTGGCGG,CCGCCACCGCCAAATTTACCACC,1.0002173344813097,1.0,+
TATCATCAAGCATATAAAAAAGG,CCTTTTTTATATGCTTGATGATA,1.0002916191427462,1.0,+
AAAGTATCTGGTGGTTTACATGG,CCATGTAAACCACCAGATACTTT,1.0002916716407293,1.0,+
GGTTGAAAAAGGTATTATGGCGG,CCGCCATAATACCTTTTTCAACC,1.000291693744212,1.0,+
CCGATTGCTCTAGTAAAAGTCCT,AGGACTTTTACTAGAGCAATCGG,1.0002916990748578,1.0,-
GTCATTCGTTTTAAAGCAGATGG,CCATCTGCTTTAAAACGAATGAC,1.0002918329525314,1.0,+
CCAGGTAAATTAGCCGATTGCTC,GAGCAATCGGCTAATTTACCTGG,1.0002919479128312,1.0,-
CAGGCGATTTTACCATTACGAGG,CCTCGTAATGGTAAAATCGCCTG,1.0003065681167302,1.0,+
ATATATTGGACACCTCAATGTGG,CCACATTGAGGTGTCCAATATAT,1.0005826986796935,1.0,+
TATTTCAATTGCTGAGTTAATGG,CCATTAACTCAGCAATTGAAATA,1.0005829616237845,1.0,+
AGTGGTTGAAAAAGGTATTATGG,CCATAATACCTTTTTCAACCACT,1.0005829722545398,1.0,+
CCGATGTGGATGGAGCGCATATT,AATATGCGCTCCATCCACATCGG,1.0006409913455292,1.0,-
GCTGGTGGTAAATTTGGCGGTGG,CCACCGCCAAATTTACCACCAGC,1.0006544023308708,1.0,+
TGAGATTTTCTTAGTCGAAGGGG,CCCCTTCGACTAAGAAAATCTCA,1.0006544675040443,1.0,+
CATTATGACTGATGCCGATGTGG,CCACATCGGCATCAGTCATAATG,1.0006545302350236,1.0,+
TTATGAAGCAATGGTACGTATGG,CCATACGTACCATTGCTTCATAA,1.0011647086148465,1.0,+
CCGGATAAATCATATAAAAAATC,GATTTTTTATATGATTTATCCGG,1.0011648091133276,1.0,-
CCGTTGTATAAACTGACACAAGG,CCTTGTGTCAGTTTATACAACGG,1.0011648407133655,1.0,+
AGTCGTCTAACTCAATATATTGG,CCAATATATTGAGTTAGACGACT,1.0011648505864728,1.0,+
CCGGGGGGTCTACAAAATCTGGT,ACCAGATTTTGTAGACCCCCCGG,1.0011648815635288,1.0,-
CCTCATGGTGACTCATCTATTTA,TAAATAGATGAGTCACCATGAGG,1.0011649063907577,1.0,-
TCGAAGGGGACTCTGCCGGGGGG,CCCCCCGGCAGAGTCCCCTTCGA,1.0011649286280717,1.0,+
CCCTCATGGTGACTCATCTATTT,AAATAGATGAGTCACCATGAGGG,1.0011649295101535,1.0,-
ATTGCACGATACAAAGGTCTTGG,CCAAGACCTTTGTATCGTGCAAT,1.0011649350024778,1.0,+
TAGTCGAAGGGGACTCTGCCGGG,CCCGGCAGAGTCCCCTTCGACTA,1.0011649385474783,1.0,+
AGTCGAAGGGGACTCTGCCGGGG,CCCCGGCAGAGTCCCCTTCGACT,1.0011649607275777,1.0,+
GTCGAAGGGGACTCTGCCGGGGG,CCCCCGGCAGAGTCCCCTTCGAC,1.0011649706407149,1.0,+
TTAGATGTAGCAAGCCTTCCAGG,CCTGGAAGGCTTGCTACATCTAA,1.0011649747937548,1.0,+
TTAGTCGAAGGGGACTCTGCCGG,CCGGCAGAGTCCCCTTCGACTAA,1.0011650642610561,1.0,+
GCCGGGGGGTCTACAAAATCTGG,CCAGATTTTGTAGACCCCCCGGC,1.0011650900825881,1.0,+
GTATTATGTATACAATGATAGGG,CCCTATCATTGTATACATAATAC,1.0011651395780885,1.0,+
TTCAATTGCTGAGTTAATGGAGG,CCTCCATTAACTCAGCAATTGAA,1.0011651403721447,1.0,+
AGTATTATGTATACAATGATAGG,CCTATCATTGTATACATAATACT,1.001165210794908,1.0,+
ATGAGACCGTTAATTGAAGCAGG,CCTGCTTCAATTAACGGTCTCAT,1.001165220139473,1.0,+
TGTGAGATTTTCTTAGTCGAAGG,CCTTCGACTAAGAAAATCTCACA,1.0012156258282092,1.0,+
GTGAGATTTTCTTAGTCGAAGGG,CCCTTCGACTAAGAAAATCTCAC,1.0012171862080232,1.0,+
CCTGAAGAATGTGAGATTTTCTT,AAGAAAATCTCACATTCTTCAGG,1.0012221117091404,1.0,-
CCACCGTTGTATAAACTGACACA,TGTGTCAGTTTATACAACGGTGG,1.0012361071651237,1.0,-
CGTATCGTTGGTGACGTAATGGG,CCCATTACGTCACCAACGATACG,1.0023267390610926,1.0,+
ACGTATCGTTGGTGACGTAATGG,CCATTACGTCACCAACGATACGT,1.0023267685889967,1.0,+
CCAGAAGATTTGAATATTGTAAA,TTTACAATATTCAAATCTTCTGG,1.0023267768775312,1.0,-
GAAGGTGGTACGCATGAAGACGG,CCGTCTTCATGCGTACCACCTTC,1.0023268072688245,1.0,+
CCGTTAATTGAAGCAGGCTATGT,ACATAGCCTGCTTCAATTAACGG,1.0023268874892108,1.0,-
ATGACTGATGCCGATGTGGATGG,CCATCCACATCGGCATCAGTCAT,1.00232707830822,1.0,+
CCGCGCTCTTTTACAAGTAAAAC,GTTTTACTTGTAAAAGAGCGCGG,1.0023272349394372,1.0,-
GAAGATTTGAATATTGTAAAAGG,CCTTTTACAATATTCAAATCTTC,1.0046429838397095,1.0,+
ATTTTAACTGTTTTACATGCTGG,CCAGCATGTAAAACAGTTAAAAT,1.0046430133990096,1.0,+
ATGGGTAAATATCACCCTCATGG,CCATGAGGGTGATATTTACCCAT,1.0046430781217897,1.0,+
TTAACTGTTTTACATGCTGGTGG,CCACCAGCATGTAAAACAGTTAA,1.0046431555548918,1.0,+
CATGCTGGTGGTAAATTTGGCGG,CCGCCAAATTTACCACCAGCATG,1.0046432153143037,1.0,+
GCTGTGAACTGAACTTTTGAAGG,CCTTCAAAAGTTCAGTTCACAGC,1.0046432270270935,1.0,+
TTGTTATTGAAAAAGATAACTGG,CCAGTTATCTTTTTCAATAACAA,1.0046432879253198,1.0,+
GTGAACTGAACTTTTGAAGGAGG,CCTCCTTCAAAAGTTCAGTTCAC,1.004643294659754,1.0,+
GGTAACTTTGGTTCAATGGATGG,CCATCCATTGAACCAAAGTTACC,1.0046433081490709,1.0,+
AATAACATTCATACGTATGAAGG,CCTTCATACGTATGAATGTTATT,1.0046433158220631,1.0,+
CCAGCTGTCGAAGTTATTTTAAC,GTTAAAATAACTTCGACAGCTGG,1.0046433186638455,1.0,-
TTTGAAGGAGGAACTCTTGATGG,CCATCAAGAGTTCCTCCTTCAAA,1.0046433190073238,1.0,+
ACGCGTGTCTTAAATAGTTATGG,CCATAACTATTTAAGACACGCGT,1.0046433370394574,1.0,+
GTTGATGGCCAAGGTAACTTTGG,CCAAAGTTACCTTGGCCATCAAC,1.0046433546482036,1.0,+
TGGTCGTGACTCTAGAACGCAGG,CCTGCGTTCTAGAGTCACGACCA,1.0046433659541016,1.0,+
GGTCAAACGAAGACAAAATTAGG,CCTAATTTTGTCTTCGTTTGACC,1.0046434246294513,1.0,+
CCGCTTGTTGATGGCCAAGGTAA,TTACCTTGGCCATCAACAAGCGG,1.0046434999893588,1.0,-
CCAGGTATGTATATAGGATCGAC,GTCGATCCTATATACATACCTGG,1.0046629851539575,1.0,-
CCAAGGTAACTTTGGTTCAATGG,CCATTGAACCAAAGTTACCTTGG,1.0047011330044047,1.0,+
CCAAACATTTGAAATGTTAATGG,CCATTAACATTTCAAATGTTTGG,1.0047045077069934,1.0,+
CATGGTGATCCTCAATTCGAAGG,CCTTCGAATTGAGGATCACCATG,1.0047095019864472,1.0,+
GAGTTAATGGAGGATATTGAAGG,CCTTCAATATCCTCCATTAACTC,1.0047117872247056,1.0,+
AAAGTAACGGATAACGGACGTGG,CCACGTCCGTTATCCGTTACTTT,1.0047147916506038,1.0,+
CCTCAATGTGGTTCTATTTGCGC,GCGCAAATAGAACCACATTGAGG,1.0092439812108185,1.0,-
AGTATCGATGAAGCATTAGCTGG,CCAGCTAATGCTTCATCGATACT,1.0092440596629932,1.0,+
ACTTGAAGATGCGATTGAAGCGG,CCGCTTCAATCGCATCTTCAAGT,1.009244144131459,1.0,+
TTAGCTAAACCGATTCATGCTGG,CCAGCATGAATCGGTTTAGCTAA,1.0092441481570464,1.0,+
CCGATTCATGCTGGTATCACAAA,TTTGTGATACCAGCATGAATCGG,1.009244227606345,1.0,-
TGGTCTATTGCACGATACAAAGG,CCTTTGTATCGTGCAATAGACCA,1.009244268054064,1.0,+
TTTGGTTCAATGGATGGAGATGG,CCATCTCCATCCATTGAACCAAA,1.0092442864476499,1.0,+
CCTGATATTTCAATTGCTGAGTT,AACTCAGCAATTGAAATATCAGG,1.0092442995999524,1.0,-
AATGAATGCAGATCAATTATGGG,CCCATAATTGATCTGCATTCATT,1.0092443259944284,1.0,+
AAATGAATGCAGATCAATTATGG,CCATAATTGATCTGCATTCATTT,1.009244341568985,1.0,+
CCCTGATATTTCAATTGCTGAGT,ACTCAGCAATTGAAATATCAGGG,1.0092443900736663,1.0,-
AACATTCATACGTATGAAGGTGG,CCACCTTCATACGTATGAATGTT,1.0092443978980539,1.0,+
CCAAAATGGTCTATTGCACGATA,TATCGTGCAATAGACCATTTTGG,1.0092444954524666,1.0,-
AGTTGATATTCAAGAAAAAATGG,CCATTTTTTCTTGAATATCAACT,1.0092446446237968,1.0,+
CCAGTTGATATTCAAGAAAAAAT,ATTTTTTCTTGAATATCAACTGG,1.0092446791510246,1.0,-
CCCAGTTGATATTCAAGAAAAAA,TTTTTTCTTGAATATCAACTGGG,1.0092447080406701,1.0,-
TATCGTTATCCGCTTGTTGATGG,CCATCAACAAGCGGATAACGATA,1.0092776686113394,1.0,+
GTTGATATTCAAGAAAAAATGGG,CCCATTTTTTCTTGAATATCAAC,1.009294510066451,1.0,+
TATCCGCTTGTTGATGGCCAAGG,CCTTGGCCATCAACAAGCGGATA,1.0093045297034697,1.0,+
AAAAAATCAGCACGTATCGTTGG,CCAACGATACGTGCTGATTTTTT,1.0183212565234767,1.0,+
CCTCAAATAAGACGACGCTTTAT,ATAAAGCGTCGTCTTATTTGAGG,1.018321317345308,1.0,-
GCATTTGGTACAGGAATCGGTGG,CCACCGATTCCTGTACCAAATGC,1.0183213577467949,1.0,+
TATAAAGTAACAGAAAGCGATGG,CCATCGCTTTCTGTTACTTTATA,1.018321391863167,1.0,+
CCACCACATAACTTAACAGAATT,AATTCTGTTAAGTTATGTGGTGG,1.018321412721097,1.0,-
TCAAGGACAGCAACGTACAACGG,CCGTTGTACGTTGCTGTCCTTGA,1.0183214256471524,1.0,+
CAAACATTTGAAATGTTAATGGG,CCCATTAACATTTCAAATGTTTG,1.018321452474594,1.0,+
CCTAACTTATTAGCCAATGGTGC,GCACCATTGGCTAATAAGTTAGG,1.0183214966510064,1.0,-
CCCTAACTTATTAGCCAATGGTG,CACCATTGGCTAATAAGTTAGGG,1.018321500510698,1.0,-
CCCTGAGCACCGCGCTCTTTTAC,GTAAAAGAGCGCGGTGCTCAGGG,1.018321576719276,1.0,-
CCTGAGCACCGCGCTCTTTTACA,TGTAAAAGAGCGCGGTGCTCAGG,1.018321613446877,1.0,-
ATCAGGTATCGCGGTAGGTATGG,CCATACCTACCGCGATACCTGAT,1.0183689320017086,1.0,+
ATGATCACAGCATTTGGTACAGG,CCTGTACCAAATGCTGTGATCAT,1.035990822172541,1.0,+
AAGACGACGCTTTATAGATATGG,CCATATCTATAAAGCGTCGTCTT,1.035990838080203,1.0,+
GCAATTATATCTATCAAACATGG,CCATGTTTGATAGATATAATTGC,1.035990870820587,1.0,+
CCTGATTTCCCAACTGCTGGACT,AGTCCAGCAGTTGGGAAATCAGG,1.035990910312377,1.0,-
CCACATAACTTAACAGAATTAAT,ATTAATTCTGTTAAGTTATGTGG,1.0359909326440706,1.0,-
CCAACACCAAAATGGTCTATTGC,GCAATAGACCATTTTGGTGTTGG,1.035990933759835,1.0,-
ATAGGATCGACTTCAGAGAGAGG,CCTCTCTCTGAAGTCGATCCTAT,1.0359909498104318,1.0,+
CCTCAATTCGAAGGTCAAACGAA,TTCGTTTGACCTTCGAATTGAGG,1.0359909545359631,1.0,-
CCTGCTCGATTCCCTAACTTATT,AATAAGTTAGGGAATCGAGCAGG,1.0359909588627192,1.0,-
CCAGTGAAATGCGTGAATCATTT,AAATGATTCACGCATTTCACTGG,1.035991004708676,1.0,-
GATTTTATCGATAACTATGATGG,CCATCATAGTTATCGATAAAATC,1.035991013188303,1.0,+
GAGCTTGCTTTCTTAAACAAAGG,CCTTTGTTTAAGAAAGCAAGCTC,1.0359910245771733,1.0,+
CCCAGAATTACCTGAAGATGCTG,CAGCATCTTCAGGTAATTCTGGG,1.0359910306398954,1.0,-
CCAGAATTACCTGAAGATGCTGG,CCAGCATCTTCAGGTAATTCTGG,1.0359910535432868,1.0,+
ACGCTTTATAGATATGGAGTTGG,CCAACTCCATATCTATAAAGCGT,1.0359910865916446,1.0,+
TTCCCTAACTTATTAGCCAATGG,CCATTGGCTAATAAGTTAGGGAA,1.0359911031353697,1.0,+
GAACGAGGCATTAGCTTATTCGG,CCGAATAAGCTAATGCCTCGTTC,1.0359911121853247,1.0,+
AATTGAATCCAACACCAAAATGG,CCATTTTGGTGTTGGATTCAATT,1.0359911965042055,1.0,+
CCTCAATCAAGAATAAATGAACG,CGTTCATTTATTCTTGATTGAGG,1.0359912125571757,1.0,-
GCTCAAACATATGGTTCTCAAGG,CCTTGAGAACCATATGTTTGAGC,1.035991266158951,1.0,+
CCCATCTTATTATTAGACGATGT,ACATCGTCTAATAATAAGATGGG,1.0359912879042394,1.0,-
TGATTATGCTCAAAATGAAGCGG,CCGCTTCATTTTGAGCATAATCA,1.0359914020652317,1.0,+
ATGCAAAGAGAAAAAGAACGAGG,CCTCGTTCTTTTTCTCTTTGCAT,1.0359914168572935,1.0,+
ACAGAAGGGATTATTGAATCTGG,CCAGATTCAATAATCCCTTCTGT,1.0359916171309096,1.0,+
CGTCAAATGATCACAGCATTTGG,CCAAATGCTGTGATCATTTGACG,1.0695030948696223,1.0,+
ACAGCATTTGGTACAGGAATCGG,CCGATTCCTGTACCAAATGCTGT,1.0695031232145273,1.0,+
AACTTAACAGAATTAATCAATGG,CCATTGATTAATTCTGTTAAGTT,1.0695031549062173,1.0,+
TCTTTCTTAATCATTCATCAAGG,CCTTGATGAATGATTAAGAAAGA,1.0695032083931666,1.0,+
GAAGAAAAAGATAGACTTTCTGG,CCAGAAAGTCTATCTTTTTCTTC,1.069503255991452,1.0,+
CCTGAAGATGCTGGTTCTTTCTT,AAGAAAGAACCAGCATCTTCAGG,1.069503269726377,1.0,-
TTATTAGCCAATGGTGCATCAGG,CCTGATGCACCATTGGCTAATAA,1.0695033089387416,1.0,+
ATTGTCAGATGTAAACAACACGG,CCGTGTTGTTTACATCTGACAAT,1.0695033618107526,1.0,+
GCACGTACAGTGGTTGAAAAAGG,CCTTTTTCAACCACTGTACGTGC,1.0695033928582214,1.0,+
AGATAACTGGATTAAAGTAACGG,CCGTTACTTTAATCCAGTTATCT,1.0695034263686738,1.0,+
CGCTTTATAGATATGGAGTTGGG,CCCAACTCCATATCTATAAAGCG,1.069503437412498,1.0,+
AGGTTTGCACCATTTAGTGTGGG,CCCACACTAAATGGTGCAAACCT,1.0695035673620616,1.0,+
GAAGGGATTATTGAATCTGGTGG,CCACCAGATTCAATAATCCCTTC,1.0695036244086058,1.0,+
GAGGTTTGCACCATTTAGTGTGG,CCACACTAAATGGTGCAAACCTC,1.0695037212273149,1.0,+
CCGTCAGTCTTACCTGCTCGATT,AATCGAGCAGGTAAGACTGACGG,1.1300349970013865,1.0,-
CCATTAAATTAGCTGAAATTGAG,CTCAATTTCAGCTAATTTAATGG,1.1300350139061601,1.0,-
TCTGGTGAAGATACACGTGAAGG,CCTTCACGTGTATCTTCACCAGA,1.1300351579235226,1.0,+
TGGATTAAAGTAACGGATAACGG,CCGTTATCCGTTACTTTAATCCA,1.130035218703005,1.0,+
CCACAAGTCGCACGTACAGTGGT,ACCACTGTACGTGCGACTTGTGG,1.13003524606853,1.0,-
CCAAATTTCTGCTGTTTACTTAA,TTAAGTAAACAGCAGAAATTTGG,1.1300352588135174,1.0,-
AGTTAATGAATATCGAAGTTGGG,CCCAACTTCGATATTCATTAACT,1.13003544299382,1.0,+
GAGTTAATGAATATCGAAGTTGG,CCAACTTCGATATTCATTAACTC,1.1300355977044518,1.0,+
CCAATGGTGCATCAGGTATCGCG,CGCGATACCTGATGCACCATTGG,1.1300565538532727,1.0,-
GTTAATGAATATCGAAGTTGGGG,CCCCAACTTCGATATTCATTAAC,1.1300828850774156,1.0,+
CAATGGTGCATCAGGTATCGCGG,CCGCGATACCTGATGCACCATTG,1.1300884788142154,1.0,+
AACACGGATAATTATGGTGCTGG,CCAGCACCATAATTATCCGTGTT,1.1300921924953018,1.0,+
ACACGGATAATTATGGTGCTGGG,CCCAGCACCATAATTATCCGTGT,1.1300975761720546,1.0,+
TTACATGCTGGTGGTAAATTTGG,CCAAATTTACCACCAGCATGTAA,1.2048293189906079,1.1999999998,+
AAATTGTATCGTATTAATCAAGG,CCTTGATTAATACGATACAATTT,1.230308418726669,1.0,+
GGTGCATCAGGTATCGCGGTAGG,CCTACCGCGATACCTGATGCACC,1.2303085322058716,1.0,+
GTCACTACGACATCTGTAGATGG,CCATCTACAGATGTCGTAGTGAC,1.2303085519475936,1.0,+
CCATTTAGTGTGGGAAATTGTCG,CGACAATTTCCCACACTAAATGG,1.2303086033856543,1.0,-
GGCATGGATGCTCAAACATATGG,CCATATGTTTGAGCATCCATGCC,1.230308628122655,1.0,+
CTCATTGGAGAAAATGCACAAGG,CCTTGTGCATTTTCTCCAATGAG,1.2303086744649094,1.0,+
GACGTTGAAGTATTAATTAATGG,CCATTAATTAATACTTCAACGTC,1.2303087143016103,1.0,+
CCTAGTCTTAAATTTGATTATGC,GCATAATCAAATTTAAGACTAGG,1.2303087709246319,1.0,-
CCTCATTGGAGAAAATGCACAAG,CTTGTGCATTTTCTCCAATGAGG,1.2303087740627188,1.0,-
TCCACAAGTCGCACGTACAGTGG,CCACTGTACGTGCGACTTGTGGA,1.2303087755971567,1.0,+
AATCTGGTGGTCAAGCAAAATGG,CCATTTTGCTTGACCACCAGATT,1.2303090087690638,1.0,+
CCTGACGTGAATATCCTCATTGG,CCAATGAGGATATTCACGTCAGG,1.3747944809346746,1.0,+
GTAAACAACACGGATAATTATGG,CCATAATTATCCGTGTTGTTTAC,1.374794627461739,1.0,+
CCACATCGAGATGATATAAGTTT,AAACTTATATCATCTCGATGTGG,1.5461169122323977,1.0,-
CCTATCACTATGAGGGCGGTATT,AATACCGCCCTCATAGTGATAGG,1.546116952377413,1.0,-
CCAACGTATTTTAAAGCAAAAGA,TCTTTTGCTTTAAAATACGTTGG,1.5461169717684151,1.0,-
GGGCAAATACAAGTATTAGAAGG,CCTTCTAATACTTGTATTTGCCC,1.5461169991172656,1.0,+
GATATAAGTTTTGATGTGAATGG,CCATTCACATCAAAACTTATATC,1.5461170478674906,1.0,+
AAGTTTTGATGTGAATGGCATGG,CCATGCCATTCACATCAAAACTT,1.5461170726746618,1.0,+
GGAGTGCGTGAAACACGTCGCGG,CCGCGACGTGTTTCACGCACTCC,1.5461172570124198,1.0,+
CCATCTTATTATTAGACGATGTA,TACATCGTCTAATAATAAGATGG,1.5986550627224732,1.5625,-
CCAGATGTTCGTGACGGTTTAAA,TTTAAACCGTCACGAACATCTGG,1.6729754526114855,1.666666667,-
AAATTATCGTAACTATGATGAGG,CCTCATCATAGTTACGATAATTT,1.7081439204029574,1.0,+
GAAGACTCCTATCACTATGAGGG,CCCTCATAGTGATAGGAGTCTTC,1.7081440253663065,1.0,+
GACTCCTATCACTATGAGGGCGG,CCGCCCTCATAGTGATAGGAGTC,1.7081440559543017,1.0,+
AGAAGACTCCTATCACTATGAGG,CCTCATAGTGATAGGAGTCTTCT,1.708144066020156,1.0,+
GTCAATTTCTAAAAACAGAAGGG,CCCTTCTGTTTTTAGAAATTGAC,1.7081979768674032,1.0,+
CCATTTATTCTAAAACCAAAAGG,CCTTTTGGTTTTAGAATAAATGG,1.8321371176690227,1.0,+
GTTACAATTAGGCCAAAAAAAGG,CCTTTTTTTGGCCTAATTGTAAC,1.8321373425478558,1.0,+
CCAAAAGGTGACGACTCGGTAAC,GTTACCGAGTCGTCACCTTTTGG,1.8321373809718544,1.0,-
GGTCAATTTCTAAAAACAGAAGG,CCTTCTGTTTTTAGAAATTGACC,1.8321884401158846,1.0,+
GGTCCTGATTTCCCAACTGCTGG,CCAGCAGTTGGGAAATCAGGACC,1.8537180271705587,1.40601503798,+
CCACAAATCTTTTAACTTACGCA,TGCGTAAGTTAAAAGATTTGTGG,1.9132895462253714,1.0,-
AAAACCAAAAGGTGACGACTCGG,CCGAGTCGTCACCTTTTGGTTTT,1.9132899053489065,1.0,+
AAAAGACCAGGTATGTATATAGG,CCTATATACATACCTGGTCTTTT,1.9353754025926178,1.928571429,+
CCTTAGCTTTAGCAAAAAGTCAT,ATGACTTTTTGCTAAAGCTAAGG,1.943599935211641,1.0,-
CCAATTAGAAAATTATCGTAACT,AGTTACGATAATTTTCTAATTGG,1.9623818301845766,1.0,-
CCATTAACAATGTTTATAACTAA,TTAGTTATAAACATTGTTAATGG,1.9623822656457361,1.0,-
TACTTAAAGCAGTTACAATTAGG,CCTAATTGTAACTGCTTTAAGTA,1.9926088116572747,1.0,+
GGTGAGCTTAGTTATAGACACGG,CCGTGTCTATAACTAAGCTCACC,1.9926091377902737,1.0,+
AAAAAAGGACTTAACAATGTTGG,CCAACATTGTTAAGTCCTTTTTT,1.992609226091267,1.0,+
ACAATGTTTATAACTAAAAAAGG,CCTTTTTTAGTTATAAACATTGT,1.9926598557671185,1.0,+
GAAGCAGTACGTAAAAGACCAGG,CCTGGTCTTTTACGTACTGCTTC,2.0002977379404987,1.928571429,+
CCTATTCATGATGAGCCAATTTA,TAAATTGGCTCATCATGAATAGG,2.0140320517816614,1.0,-
AAGAAATGGAGTGATTATTTTGG,CCAAAATAATCACTCCATTTCTT,2.014032324472577,1.0,+
GCTGATTATGCTAAAATAGAAGG,CCTTCTATTTTAGCATAATCAGC,2.014075800069871,1.0,+
CCAAAAAAAGGACTTAACAATGT,ACATTGTTAAGTCCTTTTTTTGG,2.033408634073317,1.0,-
GTTCAAGAAGTTGTAGTAGAAGG,CCTTCTACTACAACTTCTTGAAC,2.055471545446506,1.0,+
ATTGCGATTCAATATAACTCAGG,CCTGAGTTATATTGAATCGCAAT,2.0554716196943974,1.0,+
GTAGAAGGAGACATTAATTTAGG,CCTAAATTAATGTCTCCTTCTAC,2.055543149955251,1.0,+
GCATTGCCAGATGTTCGTGACGG,CCGTCACGAACATCTGGCAATGC,2.0696490677783173,2.0,+
ATTAATGACATACAAAGAAATGG,CCATTTCTTTGTATGTCATTAAT,2.084028649638679,1.0,+
ATGAAATTTGTGACAAAAAAAGG,CCTTTTTTTGTCACAAATTTCAT,2.0840291246386244,1.0,+
CCAATCAGAACTTACTAAAAATA,TATTTTTAGTAAGTTCTGATTGG,2.0840789159039614,1.0,-
TCATAGAACGAGTAATGATAAGG,CCTTATCATTACTCGTTCTATGA,2.2411693201260476,1.0,+
ATTAATTATTTATATGTAAACGG,CCGTTTACATATAAATAATTAAT,2.3239118163536507,1.0,+
CCAATTTATATTCATCAATCTAA,TTAGATTGATGAATATAAATTGG,2.323911853251304,1.0,-
CTAAAAATAAATATAAATAAAGG,CCTTTATTTATATTTATTTTTAG,2.323912105860681,1.0,+
CCAAAAAATAAGAATTAATTATT,AATAATTAATTCTTATTTTTTGG,2.450147274906927,1.0,-
CCGTTAAATAGCGTTAAAAAATT,AATTTTTTAACGCTATTTAACGG,2.8053500494119232,1.0,-
CCTTTAAATTTAAAATTTTAATA,TATTAAAATTTTAAATTTAAAGG,2.8749012269193863,1.0,-
CCTCTATTTTAAATGAAATTTGT,ACAAATTTCATTTAAAATAGAGG,2.874901447519268,1.0,-
CCCTTTAAATTTAAAATTTTAAT,ATTAAAATTTTAAATTTAAAGGG,2.932042982520355,1.0,-
GTGCGTATGTAAAATAAATTTGG,CCAAATTTATTTTACATACGCAC,2.932090629725676,1.0,+
CCAAAATTTAATAAGTGTGCTTA,TAAGCACACTTATTAAATTTTGG,3.1007272256714318,1.0,-
AAACGTCATCCTTTATTTTTTGG,CCAAAAAATAAAGGATGACGTTT,3.1927932332417326,1.0,+
CCAATTAAATTTATGACAAATGT,ACATTTGTCATAAATTTAATTGG,3.311224182746107,1.0,-
TTTTTGGCAAAAATAATTCTAGG,CCTAGAATTATTTTTGCCAAAAA,3.3112719246754136,1.0,+
CCTTTATTTTTTGGCAAAAATAA,TTATTTTTGCCAAAAAATAAAGG,3.3112958980322595,1.0,-
