tgt_in_plus,tgt_in_minus,inverse_specificity,strand
CCTCAGAAATCCATTTGACTGGC,GCCAGTCAAATGGATTTCTGAGG,1.0000004566997043,-
TCCTCAGAAATCCATTTGACTGG,CCAGTCAAATGGATTTCTGAGGA,1.0000009133857086,+
AGAAGAAGATTAAAAGCTCGAGG,CCTCGAGCTTTTAATCTTCTTCT,1.000001826816486,+
CAGAGGAGTTAAACCGAATGAGG,CCTCATTCGGTTTAACTCCTCTG,1.0000018268402306,+
CCATTTGACTGGCAGACTCAGTA,TACTGAGTCTGCCAGTCAAATGG,1.0000018312765842,-
CCTCTTTCCTCAGAAATCCATTT,AAATGGATTTCTGAGGAAAGAGG,1.0000021680619495,-
AAATTGATTGTGGCTGCACTAGG,CCTAGTGCAGCCACAATCAATTT,1.0000036536191255,+
AATTCTCTTTTAACGAGATTAGG,CCTAATCTCGTTAAAAGAGAATT,1.0000073072381161,+
CCCGTCAAGAAAACCCGCCGAGT,ACTCGGCGGGTTTTCTTGACGGG,1.000007307238648,-
CACTTCCCCAGAAGGAAAACCGG,CCGGTTTTCCTTCTGGGGAAGTG,1.000007307241747,+
ATTCTCTTTTAACGAGATTAGGG,CCCTAATCTCGTTAAAAGAGAAT,1.000007307242469,+
TAGCATTGTCTAGACTATCTAGG,CCTAGATAGTCTAGACAATGCTA,1.0000073096475415,+
TTGTCTAGACTATCTAGGGCAGG,CCTGCCCTAGATAGTCTAGACAA,1.0000073114240877,+
AGCATTGTCTAGACTATCTAGGG,CCCTAGATAGTCTAGACAATGCT,1.000007312322541,+
CCTAATGGGTATAGTCCTCTTTC,GAAAGAGGACTATACCCATTAGG,1.000007312485002,-
CCTAAACGGGTAAAACAGCCATG,CATGGCTGTTTTACCCGTTTAGG,1.0000146143816466,-
CCGTCAAGAAAACCCGCCGAGTT,AACTCGGCGGGTTTTCTTGACGG,1.0000146143858386,-
CCGCTTTGCGCTCGCCTCGGAGT,ACTCCGAGGCGAGCGCAAAGCGG,1.000014614388752,-
GGCGGTGGAAGTGCCACTAGCGG,CCGCTAGTGGCACTTCCACCGCC,1.0000146165352504,+
CCAGAAGGAAAACCGGCCTCTTT,AAAGAGGCCGGTTTTCCTTCTGG,1.0000146175078666,-
ACCGCCGTGGCACACGATAAAGG,CCTTTATCGTGTGCCACGGCGGT,1.0000146178834366,+
CCTTAGCATTGTCTAGACTATCT,AGATAGTCTAGACAATGCTAAGG,1.0000146198085782,-
CCGAGTTTTTTCCTAAACGGGTA,TACCCGTTTAGGAAAAAACTCGG,1.0000146200536095,-
TCTTGAAAGTTCACAATTTAGGG,CCCTAAATTGTGAACTTTCAAGA,1.0000182445633021,+
GGACATCATTATTTCTTACTTGG,CCAAGTAAGAAATAATGATGTCC,1.0000292283419205,+
GCTGGCTGTATATCATTTAAGGG,CCCTTAAATGATATACAGCCAGC,1.0000292283434826,+
CCAAGGCCAAATATGGAAATGTG,CACATTTCCATATTTGGCCTTGG,1.0000292283448013,-
CCCAAGGCCAAATATGGAAATGT,ACATTTCCATATTTGGCCTTGGG,1.0000292283451682,-
CTGGCTGTATATCATTTAAGGGG,CCCCTTAAATGATATACAGCCAG,1.0000292283465337,+
CAAGGCCAAATATGGAAATGTGG,CCACATTTCCATATTTGGCCTTG,1.0000292283472467,+
CCGTTTTCGTCGTCGGGCCCTCC,GGAGGGCCCGACGACGAAAACGG,1.0000292283497183,-
GTTCCGCTTTGCGCTCGCCTCGG,CCGAGGCGAGCGCAAAGCGGAAC,1.0000292283499723,+
ACGAGGTGATATTTCCAATTTGG,CCAAATTGGAAATATCACCTCGT,1.0000292283616254,+
TCGGGCAATTCGTTTCCTAATGG,CCATTAGGAAACGAATTGCCCGA,1.0000292283737966,+
CAGATATACAAATTATAAATAGG,CCTATTTATAATTTGTATATCTG,1.0000292283785917,+
CCTGATAATTTTTCACTTTTTCT,AGAAAAAGTGAAAAATTATCAGG,1.0000292283811465,-
CCCTATCGCGATATGAGGGACCG,CGGTCCCTCATATCGCGATAGGG,1.0000292299984752,-
CCGCCGTGGCACACGATAAAGGT,ACCTTTATCGTGTGCCACGGCGG,1.0000292306104617,-
CAAAAACCCAAGGCCAAATATGG,CCATATTTGGCCTTGGGTTTTTG,1.000029231030704,+
CCCAGAAGGAAAACCGGCCTCTT,AAGAGGCCGGTTTTCCTTCTGGG,1.0000292313237291,-
GCTGAGAGTTGAAGTTAGTCAGG,CCTGACTAACTTCAACTCTCAGC,1.0000292317056474,+
GGTTGCGACACTTCCCCAGAAGG,CCTTCTGGGGAAGTGTCGCAACC,1.0000292323393993,+
CCCCAGAAGGAAAACCGGCCTCT,AGAGGCCGGTTTTCCTTCTGGGG,1.0000292328120624,-
TGAGGCAGCGCTGACAGAGGCGG,CCGCCTCTGTCAGCGCTGCCTCA,1.000029233811209,+
CGCTGGCTGTATATCATTTAAGG,CCTTAAATGATATACAGCCAGCG,1.0000292338500283,+
TTTAGACTTTGCACTAGCAATGG,CCATTGCTAGTGCAAAGTCTAAA,1.000029234603791,+
TTCTTGAAAGTTCACAATTTAGG,CCTAAATTGTGAACTTTCAAGAA,1.0000313580601985,+
GCTGACAGAGGCGGCAGTGGCGG,CCGCCACTGCCGCCTCTGTCAGC,1.0000322819406446,+
CCACTAGCGGTAGCATACCTTGC,GCAAGGTATGCTACCGCTAGTGG,1.000058455026485,-
CTATTTACACGTACTTACGCTGG,CCAGCGTAAGTACGTGTAAATAG,1.000058455027756,+
AAAGCCCTATCGCGATATGAGGG,CCCTCATATCGCGATAGGGCTTT,1.000058455028308,+
CGGGCAATTCGTTTCCTAATGGG,CCCATTAGGAAACGAATTGCCCG,1.0000584550319533,+
AGAAGGAAAACCGGCCTCTTTGG,CCAAAGAGGCCGGTTTTCCTTCT,1.0000584550342189,+
CCATGCACCGCAGCACGTCGACG,CGTCGACGTGCTGCGGTGCATGG,1.0000584550347544,-
CGCATCTTCGGATTAACTTGTGG,CCACAAGTTAATCCGAAGATGCG,1.000058455036743,+
CCTTGCATTAGCGTATCTAATTA,TAATTAGATACGCTAATGCAAGG,1.0000584550434422,-
AAGATGAGGGCAAAAACCCAAGG,CCTTGGGTTTTTGCCCTCATCTT,1.0000584562317554,+
CCGCCGAGTTTTTTCCTAAACGG,CCGTTTAGGAAAAAACTCGGCGG,1.0000584569439002,+
CCTATCGCGATATGAGGGACCGA,TCGGTCCCTCATATCGCGATAGG,1.0000584576847382,-
CCTCCGTAGAAATCCAAGACGTA,TACGTCTTGGATTTCTACGGAGG,1.0000584583564691,-
CCGTAGAAATCCAAGACGTATCT,AGATACGTCTTGGATTTCTACGG,1.0000584585347787,-
CCGGTCCTTAGCATTGTCTAGAC,GTCTAGACAATGCTAAGGACCGG,1.0000584593410151,-
CCCGCCGAGTTTTTTCCTAAACG,CGTTTAGGAAAAAACTCGGCGGG,1.0000584600057654,-
CCGATCTGTATCAGCATACTTTC,GAAAGTATGCTGATACAGATCGG,1.0000584604991893,-
CGCCGAGTTTTTTCCTAAACGGG,CCCGTTTAGGAAAAAACTCGGCG,1.0000584605251337,+
CCCTCCGTAGAAATCCAAGACGT,ACGTCTTGGATTTCTACGGAGGG,1.0000584606990786,-
CCGTGGCACACGATAAAGGTGCA,TGCACCTTTATCGTGTGCCACGG,1.000058461019312,-
TAGGGTTTGAGCACAGCGTTTGG,CCAAACGCTGTGCTCAAACCCTA,1.0000584612656545,+
AGTCGGCAGAGGAGACTACTCGG,CCGAGTAGTCTCCTCTGCCGACT,1.000058462081873,+
AAGTTAGTCAGGTTGTACAGCGG,CCGCTGTACAACCTGACTAACTT,1.0000584623167519,+
GGGGCGGAGGACGAAGAGGACGG,CCGTCCTCTTCGTCCTCCGCCCC,1.000058464297973,+
TGAAAAAGTGAAATTGATTGTGG,CCACAATCAATTTCACTTTTTCA,1.00006181769265,+
GTATATCATTTAAGGGGCGGAGG,CCTCCGCCCCTTAAATGATATAC,1.0001169032999133,+
GCTGTATATCATTTAAGGGGCGG,CCGCCCCTTAAATGATATACAGC,1.0001169033010742,+
CAAATATGGAAATGTGGCAGAGG,CCTCTGCCACATTTCCATATTTG,1.0001169033106074,+
TTCGGTATCATCACGGTCGCAGG,CCTGCGACCGTGATGATACCGAA,1.0001169033129549,+
CGAGGTGATATTTCCAATTTGGG,CCCAAATTGGAAATATCACCTCG,1.0001169033130064,+
AAATATGGAAATGTGGCAGAGGG,CCCTCTGCCACATTTCCATATTT,1.0001169033139707,+
CTAACTTCCTTGAAGGTTGGAGG,CCTCCAACCTTCAAGGAAGTTAG,1.0001169033158677,+
CCAAGCGTTCAAACGAGACGAAT,ATTCGTCTCGTTTGAACGCTTGG,1.0001169033267139,-
AAGCGTTCAAACGAGACGAATGG,CCATTCGTCTCGTTTGAACGCTT,1.0001169033388622,+
GAAAGCCCTATCGCGATATGAGG,CCTCATATCGCGATAGGGCTTTC,1.0001169036210922,+
ATCAGTAATGTAGCCTCTACGGG,CCCGTAGAGGCTACATTACTGAT,1.0001169046660459,+
AATTATGGTATCCTTCAATATGG,CCATATTGAAGGATACCATAATT,1.0001169077341168,+
GTCGGCAGAGGAGACTACTCGGG,CCCGAGTAGTCTCCTCTGCCGAC,1.0001169088354411,+
TGCTAGTACAGAGAAAAAAGAGG,CCTCTTTTTTCTCTGTACTAGCA,1.0001169095752296,+
AGGACGGACCCGAGATCATCCGG,CCGGATGATCTCGGGTCCGTCCT,1.000116911882103,+
CAAGGGCAAATTAGGACATGAGG,CCTCATGTCCTAATTTGCCCTTG,1.000119503325325,+
AGAATGTATCGTACCCCTGAAGG,CCTTCAGGGGTACGATACATTCT,1.0002337794998255,+
ACATGAGGCAGCGCTGACAGAGG,CCTCTGTCAGCGCTGCCTCATGT,1.0002337795109697,+
TATACAAATTATAAATAGGTAGG,CCTACCTATTTATAATTTGTATA,1.0002337795190432,+
CCAAATATGGAAATGTGGCAGAG,CTCTGCCACATTTCCATATTTGG,1.0002337795208547,-
TTGATCATTACAGTGAGAGCAGG,CCTGCTCTCACTGTAATGATCAA,1.0002337803819041,+
GATCTGTATCAGCATACTTTCGG,CCGAAAGTATGCTGATACAGATC,1.0002337807678878,+
CCTTCAATATGGCCATCGTACAG,CTGTACGATGGCCATATTGAAGG,1.0002337810935698,-
AATCAGTAATGTAGCCTCTACGG,CCGTAGAGGCTACATTACTGATT,1.0002337812203235,+
ACAAATTATAAATAGGTAGGAGG,CCTCCTACCTATTTATAATTTGT,1.0002337813878701,+
AAGATCAAGAAACGCATCTTCGG,CCGAAGATGCGTTTCTTGATCTT,1.000233781410408,+
AAGGTAGTTTTTTACCGCCGTGG,CCACGGCGGTAAAAAACTACCTT,1.0002337817864206,+
TTAAGGGGCGGAGGACGAAGAGG,CCTCTTCGTCCTCCGCCCCTTAA,1.0002337828731072,+
CCTCTACGGGTGTCTCTGTCAGC,GCTGACAGAGACACCCGTAGAGG,1.0002337857651487,-
GACAGAGGCGGCAGTGGCGGTGG,CCACCGCCACTGCCGCCTCTGTC,1.0003447312640528,+
CCAGCACAGAATGTATCGTACCC,GGGTACGATACATTCTGTGCTGG,1.0004674503875228,-
TGCACCGCAGCACGTCGACGAGG,CCTCGTCGACGTGCTGCGGTGCA,1.0004674503994686,+
CCGAATGAGGAAATGCAATGGAT,ATCCATTGCATTTCCTCATTCGG,1.0004674504106403,-
GGAGATGTGAGATTGCGACTGGG,CCCAGTCGCAATCTCACATCTCC,1.0004674504150919,+
TGCATTAGCGTATCTAATTATGG,CCATAATTAGATACGCTAATGCA,1.000467450428079,+
GCTAGTACAGAGAAAAAAGAGGG,CCCTCTTTTTTCTCTGTACTAGC,1.0004674539396392,+
GCATACTTTCGGTATCATCACGG,CCGTGATGATACCGAAAGTATGC,1.000467454370487,+
CTAGACTATCTAGGGCAGGACGG,CCGTCCTGCCCTAGATAGTCTAG,1.0004674543740175,+
AGGCATTCCGTTTTCGTCGTCGG,CCGACGACGAAAACGGAATGCCT,1.000467456631885,+
CATTACAGTGAGAGCAGGCTTGG,CCAAGCCTGCTCTCACTGTAATG,1.0004674572024341,+
CTGGGGAGGGAAGAAGGGGGAGG,CCTCCCCCTTCTTCCCTCCCCAG,1.000467459614327,+
TGCAAGAGCAAGGGCAAATTAGG,CCTAATTTGCCCTTGCTCTTGCA,1.0004674613358011,+
AAAGAGAAATAGAAAAAGGTTGG,CCAACCTTTTTCTATTTCTCTTT,1.0009344658957051,+
CCGCAGCACGTCGACGAGGTGAT,ATCACCTCGTCGACGTGCTGCGG,1.0009344659018284,-
GAAAACCGGCCTCTTTGGCTGGG,CCCAGCCAAAGAGGCCGGTTTTC,1.0009344659046964,+
GGAAAACCGGCCTCTTTGGCTGG,CCAGCCAAAGAGGCCGGTTTTCC,1.0009344659092094,+
TGGAGATGTGAGATTGCGACTGG,CCAGTCGCAATCTCACATCTCCA,1.000934465916512,+
TGGCTGGGGAGGGAAGAAGGGGG,CCCCCTTCTTCCCTCCCCAGCCA,1.0009344681841965,+
CCAAATCAGTAATGTAGCCTCTA,TAGAGGCTACATTACTGATTTGG,1.0009344694492537,-
AACCGAATGAGGAAATGCAATGG,CCATTGCATTTCCTCATTCGGTT,1.0009344696382276,+
CCCAAATCAGTAATGTAGCCTCT,AGAGGCTACATTACTGATTTGGG,1.000934469880734,-
CCCTGAAGGTAGTTTTTTACCGC,GCGGTAAAAAACTACCTTCAGGG,1.0009344708863155,-
CCCCTGAAGGTAGTTTTTTACCG,CGGTAAAAAACTACCTTCAGGGG,1.000934471349278,-
TTGGCTGGGGAGGGAAGAAGGGG,CCCCTTCTTCCCTCCCCAGCCAA,1.000934475040189,+
AGGTTGGTTTAAGTCGGCAGAGG,CCTCTGCCGACTTAAACCAACCT,1.0018671926822822,+
TATCTAACTTCCTTGAAGGTTGG,CCAACCTTCAAGGAAGTTAGATA,1.001867192684629,+
GGCATTCCGTTTTCGTCGTCGGG,CCCGACGACGAAAACGGAATGCC,1.0018671926903127,+
AAAACCGGCCTCTTTGGCTGGGG,CCCCAGCCAAAGAGGCCGGTTTT,1.0018671926916374,+
GACGTATCTAACTTCCTTGAAGG,CCTTCAAGGAAGTTAGATACGTC,1.001867192702107,+
AGGAAGAAAAAAAAAAGATGAGG,CCTCATCTTTTTTTTTTCTTCCT,1.001867193290421,+
GGGTGTCTCTGTCAGCCCCGTGG,CCACGGGGCTGACAGAGACACCC,1.0018671950940374,+
CCTGAAGGTAGTTTTTTACCGCC,GGCGGTAAAAAACTACCTTCAGG,1.0018671984860161,-
CCCGTGGTCGCCAGCACAGAATG,CATTCTGTGCTGGCGACCACGGG,1.0018671989300474,-
CCTTGAAGGTTGGAGGTTGTTGT,ACAACAACCTCCAACCTTCAAGG,1.001867198944198,-
AGCGCTGACAGAGGCGGCAGTGG,CCACTGCCGCCTCTGTCAGCGCT,1.001913902650358,+
CGGACATCCACGTGGAAAGTAGG,CCTACTTTCCACGTGGATGTCCG,1.0020270771096877,+
CCACGTGGAAAGTAGGCATTCCG,CGGAATGCCTACTTTCCACGTGG,1.0023795200012933,-
GGGCAGGACGGACATCCACGTGG,CCACGTGGATGTCCGTCCTGCCC,1.0037274426808134,+
CCAAGACGTATCTAACTTCCTTG,CAAGGAAGTTAGATACGTCTTGG,1.003727442684965,-
AGAAAAAGGTTGGTTTAAGTCGG,CCGACTTAAACCAACCTTTTTCT,1.0037274426861658,+
ATGCAATGGATACGTTAAATTGG,CCAATTTAACGTATCCATTGCAT,1.0037274426871277,+
GGGTCAGAAAAGAAATGCAGAGG,CCTCTGCATTTCTTTTCTGACCC,1.0037274447424793,+
TGTACAGCGGCCTTTCTGTGTGG,CCACACAGAAAGGCCGCTGTACA,1.0037274463501085,+
CTTTGGCTGGGGAGGGAAGAAGG,CCTTCTTCCCTCCCCAGCCAAAG,1.0037274477497107,+
CCCCGTGGTCGCCAGCACAGAAT,ATTCTGTGCTGGCGACCACGGGG,1.003727448910779,-
AGAGTAAAAGGGAGATGCAATGG,CCATTGCATCTCCCTTTTACTCT,1.003727450468215,+
CCGAGATCATCCGGTCCAAGAAA,TTTCTTGGACCGGATGATCTCGG,1.0037274560997935,-
ACCGGCCTCTTTGGCTGGGGAGG,CCTCCCCAGCCAAAGAGGCCGGT,1.007427251954984,+
CCGGCCTCTTTGGCTGGGGAGGG,CCCTCCCCAGCCAAAGAGGCCGG,1.0074272519677046,+
CCTTTCTGTGTGGGAAAGACGGA,TCCGTCTTTCCCACACAGAAAGG,1.0074272519753331,-
GTGTCTTGAACGAGAGTAAAAGG,CCTTTTACTCTCGTTCAAGACAC,1.007427254255983,+
TGTCTTGAACGAGAGTAAAAGGG,CCCTTTTACTCTCGTTCAAGACA,1.0074272551054306,+
CCGTGGTCGCCAGCACAGAATGT,ACATTCTGTGCTGGCGACCACGG,1.0074272581955583,-
TTTGGCTGGGGAGGGAAGAAGGG,CCCTTCTTCCCTCCCCAGCCAAA,1.0074272591521936,+
CCCGAGATCATCCGGTCCAAGAA,TTCTTGGACCGGATGATCTCGGG,1.0074272649378095,-
ATGGAATGTAAGAAATGCTATGG,CCATAGCATTTCTTACATTCCAT,1.0147451412688147,+
TGGAATGTAAGAAATGCTATGGG,CCCATAGCATTTCTTACATTCCA,1.0147451412747457,+
GCCTTTCTGTGTGGGAAAGACGG,CCGTCTTTCCCACACAGAAAGGC,1.0147451412769901,+
CCAATTGATCATTATTGTATTCG,CGAATACAATAATGATCAATTGG,1.014745141283904,-
GAATGAGTTAGCTGTTTTACAGG,CCTGTAAAACAGCTAACTCATTC,1.0147451426932783,+
CCTTGTGATAATAAGGTGGAAAA,TTTTCCACCTTATTATCACAAGG,1.014745144116942,-
CCATCGTACAGAAAGCGTATCAA,TTGATACGCTTTCTGTACGATGG,1.0147451446143168,-
CCTCTTTTGCAAGAGCAAGGGCA,TGCCCTTGCTCTTGCAAAAGAGG,1.0147451519739694,-
GTACAGCGGCCTTTCTGTGTGGG,CCCACACAGAAAGGCCGCTGTAC,1.029062215943504,+
CCCGCCTCTTTTGCAAGAGCAAG,CTTGCTCTTGCAAAAGAGGCGGG,1.0290622169032762,-
CCTCTTTGGCTGGGGAGGGAAGA,TCTTCCCTCCCCAGCCAAAGAGG,1.0290622205932234,-
CGCCTCTTTTGCAAGAGCAAGGG,CCCTTGCTCTTGCAAAAGAGGCG,1.0564842207766603,+
CCGCCTCTTTTGCAAGAGCAAGG,CCTTGCTCTTGCAAAAGAGGCGG,1.0564842235044953,+
TGTGGGAAAGACGGAAATAGTGG,CCACTATTTCCGTCTTTCCCACA,1.0564842235190208,+
AGATCATCCGGTCCAAGAAACGG,CCGTTTCTTGGACCGGATGATCT,1.106932375667874,+
AGGTGCACCTTGTGATAATAAGG,CCTTATTATCACAAGGTGCACCT,1.1932149798661498,+
CCGATAGTAAATTTATGTAACTT,AAGTTACATAAATTTACTATCGG,1.1932149798920002,-
GATCATCCGGTCCAAGAAACGGG,CCCGTTTCTTGGACCGGATGATC,1.193214980855232,+
TGCACCTTGTGATAATAAGGTGG,CCACCTTATTATCACAAGGTGCA,1.1932149861095158,+
AAGAAAAGAGAAATAGAAAAAGG,CCTTTTTCTATTTCTCTTTTCTT,1.2673833082964765,+
CTCGGATGGATGCTTGCTTTTGG,CCAAAAGCAAGCATCCATCCGAG,1.4285717089281633,+
GGAAGAAAAAAAAAAGATGAGGG,CCCTCATCTTTTTTTTTTCTTCC,1.478057665075572,+
GATTGCGACTGGGACTCGGATGG,CCATCCGAGTCCCAGTCGCAATC,1.7058732545383368,+
CCGGTCCAAGAAACGGGTCATCC,GGATGACCCGTTTCTTGGACCGG,1.7933884724572788,-
GGTCCAAGAAACGGGTCATCCGG,CCGGATGACCCGTTTCTTGGACC,1.7933884762777288,+
CCAAGAAACGGGTCATCCGGTCC,GGACCGGATGACCCGTTTCTTGG,1.7933884770073725,-
GTGAGATTGCGACTGGGACTCGG,CCGAGTCCCAGTCGCAATCTCAC,1.995766515786896,+
CCAATTTGGGAAATTTCCCAAAT,ATTTGGGAAATTTCCCAAATTGG,2.0166123455984875,-
